WeekOf,Malware sites detected,Phishing sites detected,Malware sites number,Phishing sites number,Attack sites,Compromised sites,Browser warnings,Search warnings,Webmaster response time,Reinfection rate
2006-05-21,1,,,,,1,,,0,0
2006-05-28,,,,,,,,,,
2006-06-04,,,,,,,,,,
2006-06-11,,,,,,,,,,
2006-06-18,,,,,,,,,,
2006-06-25,,,,,,,,,,
2006-07-02,,,,,,,,,,
2006-07-09,,,,,,,,,,
2006-07-16,,,,,,,,,,
2006-07-23,,,,,,,,,,
2006-07-30,32,,63,,,32,,,45,
2006-08-06,27,,70,,,27,,,60,
2006-08-13,,,73,,,,,,,
2006-08-20,31,,79,,,31,,,68,0
2006-08-27,25,,88,,,25,,,72,
2006-09-03,49,,110,,,49,,,90,
2006-09-10,,,143,,,,,,,
2006-09-17,,,176,,,,,,,
2006-09-24,37,,204,,,37,,,90,0
2006-10-01,34,,228,,,34,,,90,0
2006-10-08,41,,250,,,41,,,90,0
2006-10-15,46,,266,,,46,,,90,0
2006-10-22,31,,289,,,31,,,90,0
2006-10-29,37,,322,,,37,,,90,0
2006-11-05,50,,365,,,50,,,90,0
2006-11-12,62,,415,,,62,,,90,0
2006-11-19,87,,491,,16,84,,,90,0
2006-11-26,106,,587,,39,90,,,90,2
2006-12-03,100,,681,,,84,,,90,2
2006-12-10,433,,1004,,,418,,,90,7
2006-12-17,405,,1406,,,390,,,90,8
2006-12-24,492,,1849,,,480,,,90,10
2006-12-31,644,,2415,,,644,,,90,10
2007-01-07,831,,3123,,42,822,,,90,10
2007-01-14,573,,3702,,,564,,,90,7
2007-01-21,631,,4258,,,622,,,90,7
2007-01-28,573,,4780,,33,563,,,90,5
2007-02-04,625,,5287,,,615,,,90,4
2007-02-11,919,,6085,,28,916,,,90,5
2007-02-18,2133,,7434,,31,2125,,,90,4
2007-02-25,2585,,9774,,,2577,,,90,3
2007-03-04,4613,,13192,,,4605,,,87,4
2007-03-11,5739,,18166,,26,5724,,,86,5
2007-03-18,5875,,23576,,19,5860,,,86,4
2007-03-25,5297,,28679,,,5287,,,86,6
2007-04-01,6716,,34091,,,6707,,,86,7
2007-04-08,6002,,39596,,,5992,,,89,9
2007-04-15,7253,,45919,,,7251,,,89,9
2007-04-22,8427,,52842,,134,8313,,,89,9
2007-04-29,10068,,61520,,180,9907,,,90,9
2007-05-06,10520,,69447,,241,10293,,,90,8
2007-05-13,10867,,75447,,265,10611,,,90,6
2007-05-20,10119,,78836,,355,9775,,,90,5
2007-05-27,9556,,80560,,285,9281,,,90,5
2007-06-03,10814,,81321,,292,10538,,,90,5
2007-06-10,12107,,84343,,301,11826,,,90,6
2007-06-17,15037,,90714,,336,14724,,,90,7
2007-06-24,16890,,99134,,287,16623,,,90,9
2007-07-01,17656,,106838,,284,17392,,,90,10
2007-07-08,15912,,114710,,278,15662,,,90,11
2007-07-15,14792,,120621,,260,14562,,,90,11
2007-07-22,12786,,125830,,230,12588,,,90,11
2007-07-29,10631,,130177,,218,10445,,,90,10
2007-08-05,11265,,136357,,226,11071,,,90,10
2007-08-12,10947,,142604,,218,10750,,,90,10
2007-08-19,11181,,149304,,212,10983,,,90,9
2007-08-26,11184,,155409,,237,10959,,,90,9
2007-09-02,13525,,162150,,261,13276,,,90,9
2007-09-09,12546,,168232,,250,12307,,,90,7
2007-09-16,15218,,173194,,228,15001,,,90,6
2007-09-23,15404,,177229,,232,15183,,,90,6
2007-09-30,14364,,180524,,210,14162,,,90,5
2007-10-07,11607,,182643,,177,11436,,,90,5
2007-10-14,11528,,184520,,189,11346,,,90,6
2007-10-21,9560,,186995,,240,9335,,,90,7
2007-10-28,7705,,189350,,230,7497,,,90,7
2007-11-04,7321,,191305,,234,7116,,,90,8
2007-11-11,7137,,192815,,241,6931,,,90,8
2007-11-18,6190,3800,194224,206216,225,5997,,,90,9
2007-11-25,4488,4676,194420,205274,173,4340,,,90,9
2007-12-02,7958,11072,195545,206974,206,7774,,,90,9
2007-12-09,8990,11667,197410,209317,192,8814,,,90,9
2007-12-16,10462,11906,199433,210904,216,10301,,,90,9
2007-12-23,11064,12574,201594,213107,225,10895,,,90,8
2007-12-30,11808,12996,203765,215273,237,11627,,,90,7
2008-01-06,10405,11386,205085,216640,206,10252,,,90,6
2008-01-13,13221,13312,207503,218947,233,13042,,,90,6
2008-01-20,12807,12461,211089,197036,225,12593,,,90,6
2008-01-27,14627,11707,215983,156197,221,14418,,,90,7
2008-02-03,21387,10825,224258,115848,226,21175,,,90,8
2008-02-10,21733,8308,234468,75121,216,21532,,,90,9
2008-02-17,18825,4340,242654,32326,198,18642,,,90,8
2008-02-24,18949,10711,248350,17774,185,18780,,,89,8
2008-03-02,18069,10744,250887,25490,193,17890,,,88,7
2008-03-09,15234,10848,249518,33257,233,15014,,,85,7
2008-03-16,19067,10858,247046,41246,273,18807,,,82,6
2008-03-23,21002,10806,244892,49491,280,20735,,,77,6
2008-03-30,23199,3315,243563,53638,275,22937,,,73,5
2008-04-06,24028,3241,243958,54509,299,23745,,,68,5
2008-04-13,21391,3255,245066,55351,270,21136,,,64,6
2008-04-20,16247,4075,244379,56384,254,16010,,,59,8
2008-04-27,15999,4095,243467,56899,262,15773,,,53,8
2008-05-04,15318,4093,241761,57328,273,15079,,,47,8
2008-05-11,15979,4036,238185,57690,243,15767,,,42,9
2008-05-18,15310,3878,230367,54760,250,15091,,,36,9
2008-05-25,18337,3099,220115,46881,265,18102,,,31,9
2008-06-01,17564,3265,204779,38790,280,17299,,,26,10
2008-06-08,18585,3536,183977,30282,324,18288,,,22,13
2008-06-15,20413,3769,160161,22035,361,20085,,,20,18
2008-06-22,27625,3901,141379,17104,373,27289,,,19,21
2008-06-29,32133,4161,128391,17063,393,31783,,,19,25
2008-07-06,35622,4018,121492,17503,424,35241,,,20,28
2008-07-13,38524,3735,120707,18064,399,38160,,,21,28
2008-07-20,40078,4602,125023,18467,390,39722,,,20,27
2008-07-27,37856,4467,129565,18832,395,37494,,,20,27
2008-08-03,34036,4162,131407,18541,342,33724,,,21,24
2008-08-10,32198,4162,131719,18059,295,31934,,,21,23
2008-08-17,34084,4213,134612,17752,286,33826,,,19,22
2008-08-24,33150,3310,139176,17293,266,32911,,,20,23
2008-08-31,28968,3531,137277,16839,249,28746,,,20,23
2008-09-07,28287,3697,133638,16766,256,28054,,,22,25
2008-09-14,27971,3835,131088,16828,256,27735,,,25,24
2008-09-21,23257,3903,127548,17054,270,23008,,,29,24
2008-09-28,22458,3745,123629,17369,252,22223,,,31,23
2008-10-05,23303,3725,126669,17652,242,23081,,,32,23
2008-10-12,20494,3780,130121,17891,240,20273,,,30,23
2008-10-19,21056,3946,133666,18205,230,20845,,,27,24
2008-10-26,21979,4224,138843,18641,211,21786,,,26,25
2008-11-02,22298,6689,143234,19546,219,22096,,,22,27
2008-11-09,26784,6766,146827,19829,230,26573,,,20,26
2008-11-16,29663,6703,151715,20045,238,29447,,,17,27
2008-11-23,30700,6533,155082,20135,255,30468,,,17,26
2008-11-30,29023,6466,154034,20170,285,28763,,,16,24
2008-12-07,28161,4350,151716,19775,331,27856,,,18,22
2008-12-14,24377,4305,148839,19968,346,24056,,,19,23
2008-12-21,24315,4664,146053,20198,355,23986,,,21,24
2008-12-28,23161,4564,145125,20318,331,22855,,,21,26
2009-01-04,26891,4903,145641,20487,326,26590,,,23,28
2009-01-11,30167,4851,149139,20703,294,29899,,,23,28
2009-01-18,33930,4878,154303,20871,292,33664,,,24,28
2009-01-25,36583,4848,160915,21330,290,36319,,,25,28
2009-02-01,36640,5290,166809,22372,303,36362,,,25,27
2009-02-08,32335,5411,171329,23377,297,32061,,,23,25
2009-02-15,29267,5703,172541,24432,290,28998,,,21,24
2009-02-22,26753,6509,171486,26058,313,26459,,,19,25
2009-03-01,26970,6498,169698,27930,335,26654,,,17,25
2009-03-08,28120,6927,166607,29795,342,27799,,,16,27
2009-03-15,31720,7287,165059,32070,363,31380,,,16,26
2009-03-22,34233,13608,165546,36740,395,33864,,,15,26
2009-03-29,33153,16892,164851,39848,442,32740,,,15,25
2009-04-05,29741,18491,161768,43304,417,29348,,,15,24
2009-04-12,30611,17923,159279,46471,474,30162,,,14,23
2009-04-19,32679,17548,157982,48694,508,32214,,,14,24
2009-04-26,34445,11827,157168,47899,511,33987,,,13,26
2009-05-03,35720,8824,158013,47735,463,35326,,,13,28
2009-05-10,40271,8241,159616,46844,490,39864,,,12,30
2009-05-17,55139,9460,167366,46166,490,54742,,,13,31
2009-05-24,57299,10628,177435,47137,440,56932,,,13,31
2009-05-31,61376,11631,187020,49339,437,61011,,,14,31
2009-06-07,70676,12273,198790,52638,476,70265,,,16,31
2009-06-14,76845,12173,213813,55785,450,76451,,,17,31
2009-06-21,70557,12934,227503,59481,428,70183,,,18,30
2009-06-28,63774,11686,234303,61114,393,63435,,,19,30
2009-07-05,64981,11010,241228,61249,424,64605,,,20,30
2009-07-12,59036,11524,246362,61065,444,58633,,,21,31
2009-07-19,55616,11729,250013,61002,513,55147,,,22,30
2009-07-26,58650,10504,254278,59382,531,58163,,,22,32
2009-08-02,69663,10904,266576,58593,610,69100,,,23,32
2009-08-09,68370,11867,279481,59574,637,67786,,,23,31
2009-08-16,74659,10719,295330,58487,618,74097,,,24,30
2009-08-23,70778,10781,310541,57323,669,70167,,,24,28
2009-08-30,62228,11624,320428,57474,745,61538,,,24,27
2009-09-06,54080,12041,324192,58250,758,53378,,,23,26
2009-09-13,46355,11564,320973,57410,722,45683,,,21,27
2009-09-20,44421,11407,310784,58183,757,43713,,,19,28
2009-09-27,47706,11534,299363,58748,724,47027,,,17,32
2009-10-04,45258,11068,285284,59102,683,44619,,,16,35
2009-10-11,53292,10892,272941,58441,703,52632,,,14,40
2009-10-18,57970,10380,264624,57407,790,57236,,,14,40
2009-10-25,54864,10441,259633,56347,823,54105,,,15,39
2009-11-01,53361,10966,257955,55610,819,52607,,,16,37
2009-11-08,59347,10373,261168,53890,978,58465,,,18,35
2009-11-15,57076,11034,267971,53401,1081,56108,,,20,30
2009-11-22,53084,11356,275342,54427,1173,52035,,,21,28
2009-11-29,48515,11517,281171,55347,1279,47376,,,22,28
2009-12-06,43867,10088,280703,55107,1339,42681,,,21,27
2009-12-13,38306,10671,276558,55245,1306,37145,,,21,25
2009-12-20,29582,10797,267024,54477,1319,28403,,,21,24
2009-12-27,27491,9898,256232,52814,1218,26387,,,23,25
2010-01-03,24961,10949,245448,50179,1111,23935,,,23,26
2010-01-10,22993,11659,237432,47634,1142,21920,,,23,26
2010-01-17,18098,12211,230252,44933,1095,17045,,,22,27
2010-01-24,17205,10688,223956,41316,1059,16179,,,22,27
2010-01-31,23772,10939,222067,37530,1166,22649,,,19,28
2010-02-07,29323,9518,226279,34794,1247,28140,,,18,27
2010-02-14,31272,9060,231479,32766,1272,30089,,,17,26
2010-02-21,35012,8470,234664,31976,1412,33722,,,17,26
2010-02-28,38565,8771,238892,31821,1537,37163,,,17,26
2010-03-07,33949,8316,239233,32040,1699,32395,,,17,25
2010-03-14,31452,8961,234659,32640,1862,29730,,,16,24
2010-03-21,33708,8415,231447,33550,2074,31811,,,16,27
2010-03-28,38262,7801,233542,33256,2185,36292,,,17,28
2010-04-04,46553,8128,239300,33328,2333,44505,,,18,30
2010-04-11,47732,8256,247363,33542,2330,45790,,,20,28
2010-04-18,49627,7621,256856,33206,2261,47849,,,23,28
2010-04-25,48770,8183,265333,32792,2139,47098,,,25,27
2010-05-02,44549,7951,270771,32557,2023,42968,,,27,24
2010-05-09,41034,7280,276786,31974,1912,39531,,,29,22
2010-05-16,40849,8542,283709,32023,1944,39260,,,30,22
2010-05-23,38497,9264,289673,33258,1916,36895,,,31,21
2010-05-30,37173,10535,294195,35324,1852,35629,,,31,21
2010-06-06,38348,11454,299349,37855,1797,36842,,,31,22
2010-06-13,37016,12655,298396,40693,1783,35492,,,30,21
2010-06-20,36073,12765,294196,43479,1588,34705,,,29,23
2010-06-27,42648,12636,292179,45220,1544,41280,,,29,24
2010-07-04,42947,11395,290813,45443,1521,41593,,,28,25
2010-07-11,40648,11626,287271,45135,1504,39317,,,28,25
2010-07-18,34953,10985,283360,44877,1410,33732,,,27,26
2010-07-25,35057,10284,278937,43122,1407,33845,,,27,26
2010-08-01,32128,10598,272693,42023,1401,30935,,,26,25
2010-08-08,36736,13692,268337,43523,1432,35520,,,25,26
2010-08-15,40211,15362,267998,47104,1433,38988,,,25,28
2010-08-22,43973,16745,269553,50394,1423,42766,,,25,28
2010-08-29,46222,18620,273783,55901,1504,44984,,,25,30
2010-09-05,42585,20283,277682,62239,1658,41226,,,25,30
2010-09-12,39201,19176,279234,68099,1946,37603,,,25,30
2010-09-19,41682,19363,281926,73057,2278,39824,,,26,28
2010-09-26,37513,19615,283381,78546,2178,35738,,,26,27
2010-10-03,36000,19299,283517,82784,2235,34129,,,26,27
2010-10-10,37473,20871,284774,86452,2221,35599,,,26,26
2010-10-17,38167,20646,286776,89075,2079,36401,,,27,23
2010-10-24,32176,20700,286191,90639,1952,30490,,,27,24
2010-10-31,33615,24330,287809,92749,2580,31343,9948431,,27,23
2010-11-07,31072,24247,290288,95817,2820,28590,23188859,,28,21
2010-11-14,28068,24069,291796,96705,3007,25435,25364067,,28,20
2010-11-21,23522,31064,292886,100393,2844,21058,27597524,,29,20
2010-11-28,21129,29446,293141,104949,2742,18754,28363645,,29,19
2010-12-05,18869,25646,292138,108723,2304,16933,32413804,,29,25
2010-12-12,17819,25775,290641,111293,1948,16224,30819672,,29,25
2010-12-19,19018,23831,290572,115581,1773,17590,29885058,,28,26
2010-12-26,19173,15405,291504,115613,1814,17717,27477333,,28,25
2011-01-02,18619,15166,293020,113625,1729,17248,26578727,,27,26
2011-01-09,17864,15269,294410,112386,1684,16505,25656635,,27,21
2011-01-16,17606,15389,295063,111554,1728,16181,25022617,,27,20
2011-01-23,16071,15249,294254,111316,1691,14649,25372987,,26,19
2011-01-30,17324,18017,293268,111972,1785,15813,25993829,,25,20
2011-02-06,18209,19206,292047,113963,1880,16642,25785849,,24,19
2011-02-13,19890,20290,291730,115644,2074,18192,25412946,,24,19
2011-02-20,20186,20346,292188,116893,2138,18460,25134954,,23,20
2011-02-27,20276,20389,292996,116772,2199,18511,24527885,,23,20
2011-03-06,19110,20087,293671,113051,2221,17333,23233026,,24,20
2011-03-13,19109,19344,294668,108967,2241,17304,22024326,,24,21
2011-03-20,18609,18783,295637,104705,2284,16757,21085138,,24,21
2011-03-27,20447,18859,297361,101072,2391,18556,20159284,,25,21
2011-04-03,20607,18724,299725,98565,2486,18731,19557150,,25,20
2011-04-10,20497,21641,301872,101361,2417,18758,19612082,,25,20
2011-04-17,20488,21711,303728,102890,2346,18851,19018388,,25,19
2011-04-24,21081,20551,305371,103482,2289,19525,19086814,,24,18
2011-05-01,23437,20210,307492,103270,2167,21895,19905512,,24,18
2011-05-08,28936,19680,311925,102047,2063,27365,21059918,,23,17
2011-05-15,30129,15393,316560,98783,2060,28465,21296213,,23,17
2011-05-22,30120,16114,321270,97199,2114,28336,21964555,,23,17
2011-05-29,29736,17159,325662,96038,2029,27947,22566173,,23,16
2011-06-05,26266,17190,329247,94144,2014,24498,21715470,,24,16
2011-06-12,19881,18287,329676,92413,2005,18264,20780056,,25,17
2011-06-19,19783,18630,330808,91684,2026,18147,20763319,,25,18
2011-06-26,18844,19375,331849,91859,1939,17298,20330582,,26,17
2011-07-03,17245,20242,332426,92803,1777,15871,19013422,,26,18
2011-07-10,15043,19952,331893,94963,1666,13783,16060090,,27,18
2011-07-17,13651,19039,330710,97798,1434,12469,14065012,,27,17
2011-07-24,11196,18124,328260,99945,1231,10179,12778391,,26,16
2011-07-31,10281,16729,325444,100135,1075,9375,11522740,,25,16
2011-08-07,9672,15291,322688,98991,1095,8706,11092209,,24,16
2011-08-14,10296,13875,319966,96395,1021,9368,13380658,,23,19
2011-08-21,11324,13241,317899,92051,1035,10350,15026595,,21,20
2011-08-28,11037,12475,315955,86802,1063,10012,15196326,,20,21
2011-09-04,10922,11679,314232,81476,1130,9832,16020846,,19,22
2011-09-11,11439,10768,312892,76584,1059,10427,17165964,,19,22
2011-09-18,11542,11328,312573,72956,1070,10514,17483279,,18,21
2011-09-25,10156,11525,312476,70119,1016,9178,16489269,,19,21
2011-10-02,11610,11826,313045,67925,995,10652,15575047,,19,22
2011-10-09,12854,12233,314251,67119,985,11902,15019550,,19,22
2011-10-16,15917,12345,316812,67065,1084,14863,14740785,,19,22
2011-10-23,17994,12121,320242,67466,1196,16830,14745639,,20,22
2011-10-30,21130,11452,324258,68127,1318,19846,14530786,,21,22
2011-11-06,23004,11338,329176,69099,1426,21616,15987935,,21,21
2011-11-13,22031,11145,332938,69500,1515,20557,16924649,,21,21
2011-11-20,18800,10933,334465,69441,1488,17348,16347945,,21,20
2011-11-27,17018,10707,334028,68936,1468,15575,15588494,,21,19
2011-12-04,15802,10768,332358,68432,1419,14408,16361247,,19,18
2011-12-11,15653,11963,330023,67650,1543,14132,18555711,,21,19
2011-12-18,16240,13209,328756,67905,1544,14715,19879010,,25,19
2011-12-25,17031,14118,328958,69254,1553,15495,22043899,,29,19
2012-01-01,16767,15264,330310,71796,1522,15260,23893972,,32,20
2012-01-08,15682,16704,332217,75712,1524,14168,24068695,,35,20
2012-01-15,14256,16510,333843,80716,1386,12878,23441609,,37,19
2012-01-22,14543,15940,335463,85736,1412,13146,22998795,,37,17
2012-01-29,14234,16308,336911,90637,1400,12854,23028761,,36,15
2012-02-05,15433,16384,338625,95550,1474,13979,23545895,,34,14
2012-02-12,17223,16131,334714,99589,1562,15683,24343824,,34,14
2012-02-19,17276,16270,319063,102678,1657,15642,24167516,,34,13
2012-02-26,18204,16893,293316,105256,1705,16518,25160810,,34,13
2012-03-04,20081,17222,266741,107205,1792,18303,25291750,,35,13
2012-03-11,19552,17563,239402,108443,1833,17734,26805220,,38,13
2012-03-18,21269,18032,218462,110024,1937,19348,28578908,,41,14
2012-03-25,22607,19712,210143,112746,1967,20656,29692804,,42,15
2012-04-01,22208,20559,211597,116188,2033,20188,30726899,,43,15
2012-04-08,21842,21689,213844,119623,2282,19577,32452311,100404844,43,15
2012-04-15,23214,22229,216727,122681,2359,20873,32594277,98263981,39,16
2012-04-22,25202,22458,221034,125028,2296,22931,32390149,98733888,40,16
2012-04-29,25464,21287,225139,125731,2351,23141,34866909,101347234,38,16
2012-05-06,26415,20649,229333,125119,2488,23959,36553936,107485610,39,17
2012-05-13,25296,19852,233104,124009,2188,23141,39703992,108912911,33,18
2012-05-20,23990,20145,236212,122681,2040,21983,45519654,109110328,30,17
2012-05-27,21620,19982,237041,120366,2177,19468,52320654,110364161,26,18
2012-06-03,22825,19872,238232,117847,2163,20682,47437636,111936292,26,18
2012-06-10,24055,19541,239357,115308,1983,22090,46714649,108637574,25,19
2012-06-17,27697,19131,240488,112761,2021,25695,55414799,110612763,27,20
2012-06-24,33962,18428,243855,111077,2133,31850,62652755,118445633,32,21
2012-07-01,42955,18714,251204,110022,2039,40958,58264078,132659445,30,21
2012-07-08,54698,18889,263352,109402,2435,52329,61280711,175746935,27,20
2012-07-15,61997,19147,280316,108557,2718,59348,64165701,208979347,25,18
2012-07-22,63316,19523,299592,108132,2893,60490,51495761,224010694,32,17
2012-07-29,61571,20391,318283,107671,3050,58585,31699808,231880124,30,17
2012-08-05,53792,20360,334270,108052,3162,50676,31014683,229489864,32,17
2012-08-12,40813,20641,344288,109329,2980,37858,32480461,192713413,35,17
2012-08-19,32985,21200,346869,111741,2922,30085,29498984,157501688,38,19
2012-08-26,31863,20915,345048,114940,3166,28717,29807075,146174559,30,20
2012-09-02,32626,20232,339231,117973,3175,29473,34977941,133552616,34,20
2012-09-09,31470,23946,330729,121715,3048,28443,32804021,120616300,34,19
2012-09-16,33435,22619,320819,124340,2859,30594,29238943,111244825,38,18
2012-09-23,33164,20073,312788,125233,2876,30306,26528286,110157394,39,17
2012-09-30,33280,18100,306823,123728,2932,30367,23306774,100448047,45,16
2012-10-07,32005,16207,305251,120911,3264,28758,21179839,99457636,43,17
2012-10-14,32744,15340,306247,117122,3975,28787,18326720,97290109,47,17
2012-10-21,33186,15764,309454,114336,4723,28481,16606035,94342432,40,17
2012-10-28,35917,20022,315370,111464,5454,30488,15628704,99494720,42,17
2012-11-04,36251,22292,323018,109435,5867,30412,15935872,104840037,40,17
2012-11-11,38246,23698,330306,108317,6192,32083,16293962,105448276,39,16
2012-11-18,37420,20265,336188,107385,6070,31382,16492899,106805133,42,15
2012-11-25,35108,21204,340521,106681,5910,29232,16831222,108646102,49,16
2012-12-02,33252,18887,343200,107491,5594,27685,14759209,105247356,45,16
2012-12-09,33777,18414,345486,109067,5408,28396,12229652,103392107,43,17
2012-12-16,32372,18008,348680,108687,5275,27124,12249248,101180888,44,17
2012-12-23,32634,17115,352956,106458,5093,27566,12702262,113019560,38,16
2012-12-30,33786,15706,358513,103065,4600,29212,12567053,127805273,31,16
2013-01-06,33043,15202,363003,99552,4317,28759,13942648,128643840,27,15
2013-01-13,29688,15593,365072,96063,3898,25821,16344098,134197305,25,14
2013-01-20,26529,16638,363461,94766,3322,23253,15296329,145995692,26,14
2013-01-27,26983,17548,361103,94369,3235,23861,13871761,138283417,33,14
2013-02-03,26039,19148,357529,94715,3338,22853,15144548,131554745,34,14
2013-02-10,29657,19152,354955,94806,3376,26435,14109337,127364749,35,14
2013-02-17,32462,19258,354844,95104,3721,29133,12633490,122221260,45,15
2013-02-24,35473,18648,356418,95362,4274,31818,12303459,115783878,52,15
2013-03-03,36522,18051,358684,95983,4391,32916,11730098,113003284,38,16
2013-03-10,38117,17112,361080,96610,4603,34420,11272421,103711358,44,16
2013-03-17,37988,17332,364845,97373,4710,34307,14281418,106165147,50,16
2013-03-24,34628,16497,366395,96861,4602,30950,16157168,100937799,48,15
2013-03-31,33605,16356,367580,95877,4663,29864,18869983,95548728,48,14
2013-04-07,33211,16470,368150,94532,4787,29303,24580226,94793638,51,13
2013-04-14,31898,16806,369136,92973,4791,27995,24755860,93760831,52,13
2013-04-21,27075,16702,367124,91442,4651,23266,24486425,87787224,53,13
2013-04-28,29710,16191,364239,90142,4603,25992,26002078,78881934,52,14
2013-05-05,28419,16810,361710,89653,4144,25127,29273112,63509124,51,14
2013-05-12,30353,18131,360694,90736,3937,27273,27813983,49536617,53,15
2013-05-19,31491,18050,359108,92586,3765,28534,29552799,39197400,48,15
2013-05-26,35338,19473,359316,95008,3673,32544,30341948,37301479,40,15
2013-06-02,40901,23248,363536,100655,3820,37993,32294443,49877030,36,15
2013-06-09,42378,24891,366824,107834,3891,39247,30420347,59294162,33,14
2013-06-16,41957,25949,368482,115745,3966,38638,30516237,65915862,39,13
2013-06-23,38836,27247,370128,123559,3529,35861,30621249,69927371,47,13
2013-06-30,36277,26970,369996,132282,3344,33407,31406847,72639280,58,12
2013-07-07,28379,26605,365115,139908,2865,25827,30051350,63437964,59,12
2013-07-14,25044,28737,360173,149235,2681,22675,28796973,59084738,59,12
2013-07-21,20845,29636,354649,157451,2481,18633,29083874,55512754,56,12
2013-07-28,19930,30684,347252,164014,2728,17471,29223977,52421375,59,11
2013-08-04,17532,31411,339420,167939,2449,15295,28893959,46036223,53,10
2013-08-11,17119,30518,332484,170317,2243,15061,26971471,42324989,54,9
2013-08-18,17985,29998,325965,171078,2979,15171,25757494,39699126,55,9
2013-08-25,24323,28644,320762,168990,3875,20682,23579804,39448664,54,9
2013-09-01,26517,27593,316375,168013,4109,22670,21100406,41604452,45,9
2013-09-08,29900,27617,313521,166580,4746,25476,19274151,43237112,41,10
2013-09-15,36069,27996,314559,163282,5282,31196,19136138,46121639,38,12
2013-09-22,40225,25938,315971,157166,5060,35778,20486757,50966943,35,13
2013-09-29,36597,25974,316180,153229,4465,32722,21831313,52789599,30,15
2013-10-06,37018,25377,316205,148808,4486,33163,22206724,54652519,27,15
2013-10-13,33889,24647,313083,145696,4412,30067,22039050,54290256,24,14
2013-10-20,26227,23872,304159,144740,4004,22735,21799664,55701705,21,12
2013-10-27,20143,23432,292139,144385,3406,17033,20126331,50810948,18,11
2013-11-03,15292,23717,278156,144011,2777,12745,17492160,46319590,17,9
2013-11-10,12588,24951,264643,143942,2417,10335,16551389,41138141,16,9
2013-11-17,13763,24460,254249,143369,2085,11825,16138491,35966459,15,9
2013-11-24,14317,24011,246193,142365,2023,12447,15290751,31852318,15,10
2013-12-01,14348,24106,240335,141621,1762,12748,14450203,30837314,15,9
2013-12-08,17146,23486,236506,141138,1656,15669,16366554,32094146,15,9
2013-12-15,18938,25829,233406,143477,1579,17549,24006969,34011474,15,12
2013-12-22,18406,25304,229118,142829,1501,17103,25189479,36230569,15,14
2013-12-29,17342,25133,224267,141606,1392,16130,25292547,35805249,15,15
2014-01-05,26554,24877,238127,140257,1472,25258,26467485,34334101,24,18
2014-01-12,53501,25490,239271,139251,1567,52114,25481274,35384882,34,20
2014-01-19,53543,22386,239575,135906,1380,52305,18408450,36850113,34,20
2014-01-26,55380,23165,240745,136276,1221,54315,16362498,37100540,34,18
2014-02-02,57877,23887,243245,137195,1206,56843,16665651,40589365,34,17
2014-02-09,48788,23679,225204,137384,1122,47826,17654391,47938926,24,14
2014-02-16,18840,23554,218007,138067,981,18001,16414420,45310051,15,13
2014-02-23,16492,24374,210564,139980,985,15656,16394853,39568086,15,10
2014-03-02,14126,25862,202237,141841,1050,13216,20367218,35676110,15,10
2014-03-09,11358,24092,192695,141828,1033,10447,21575752,29017785,15,9
2014-03-16,12954,25471,185567,143138,1101,11981,21619350,22486086,15,8
2014-03-23,18567,25634,182061,143065,1326,17388,23500578,22857696,15,8
2014-03-30,19165,24827,179427,141329,1439,17872,22601669,23727902,15,9
2014-04-06,18335,23440,176423,138851,1364,17098,18356065,23944771,15,9
2014-04-13,18614,24783,174313,138383,1347,17386,16127043,24845405,15,10
2014-04-20,18345,23438,172798,137321,1561,16922,13662120,23760140,15,10
2014-04-27,13137,23858,169195,136823,1324,11931,11468047,21186836,15,10
2014-05-04,12616,24132,165802,136711,1162,11571,12309886,21094391,15,9
2014-05-11,14786,24628,165617,136981,1240,13690,13425170,21568290,15,10
2014-05-18,18454,24864,167464,137013,1316,17322,14177978,26679111,15,11
2014-05-25,18420,24817,168427,136131,957,17629,15735517,29936753,15,12
2014-06-01,17737,25086,168256,136414,896,16998,15782475,31108395,15,12
2014-06-08,16970,24232,168045,136025,867,16261,14832739,29993512,15,12
2014-06-15,14857,23810,166380,136490,719,14269,13030120,29905122,16,12
2014-06-22,11316,24129,163324,137466,562,10865,12210551,32812167,16,11
2014-06-29,8447,23568,160008,138326,515,8035,11776252,29314281,17,12
2014-07-06,8421,22927,158072,139204,510,8013,12563690,27236770,19,13
2014-07-13,9305,24299,157109,141516,518,8891,12903491,27013428,19,13
2014-07-20,10267,25457,156150,142985,524,9851,20651776,30978814,31,13
2014-07-27,9980,25132,155691,143687,541,9528,23705135,23307015,43,13
2014-08-03,10592,25653,155888,143712,565,10105,24899667,30373832,47,13
2014-08-10,10389,24327,156184,140850,598,9865,25981766,36501071,48,13
2014-08-17,9871,23565,156425,136333,632,9306,29966689,43260278,55,12
2014-08-24,8312,22245,156941,131774,628,7743,26227851,45537473,54,12
2014-08-31,11531,23993,159446,129406,1089,10522,28864827,49710824,42,12
2014-09-07,13456,24753,163272,127288,1226,12319,30866844,48686342,37,13
2014-09-14,15952,26765,167376,126743,1450,14589,34122260,60096995,34,13
2014-09-21,18689,26596,171966,126882,1726,17048,33059895,60398939,32,12
2014-09-28,21445,27049,177391,128348,2069,19475,30987542,60511768,35,11
2014-10-05,20082,26261,181070,128628,1820,18336,27330132,60123325,50,10
2014-10-12,19177,25500,183606,127466,1847,17398,25380370,59454650,64,9
2014-10-19,18197,23306,186851,125519,1862,16407,23128662,51633260,79,9
2014-10-26,17332,22885,191415,123440,1900,15509,21832207,52131426,90,8
2014-11-02,15664,22146,195365,120635,1886,13841,24758079,51235007,90,9
2014-11-09,16283,20286,200418,116515,2094,14262,24520894,51310234,90,9
2014-11-16,20480,19993,208427,115101,2676,17942,23316715,48065543,90,9
2014-11-23,21251,20697,216283,115077,2820,18600,21548794,45252061,90,8
2014-11-30,21066,20544,222970,114844,2821,18431,20620128,41511323,90,8
2014-12-07,21719,20980,230130,115209,2954,18983,16711371,38080821,90,8
2014-12-14,27590,21340,240085,116154,3115,24697,16391366,37649661,77,7
2014-12-21,32595,22130,252598,117900,2507,30263,17135470,38890205,64,7
2014-12-28,31157,22359,263286,117420,2146,29156,17758429,37352998,64,7
2015-01-04,32565,23068,274527,116137,3908,28784,18294805,40351905,64,6
2015-01-11,31496,23491,282306,115484,3663,27921,19610030,41070575,64,5
2015-01-18,23976,24876,285700,115806,3091,20953,20061464,40388653,78,4
2015-01-25,13981,24791,282429,114626,2957,11079,20709381,39710063,90,3
2015-02-01,15314,25555,279267,115746,2955,12409,21903353,38954932,90,3
2015-02-08,12284,25020,273574,117538,841,11486,22441673,35031214,90,3
2015-02-15,12999,23940,270907,118045,812,12237,23456137,35036656,90,3
2015-02-22,12696,22846,267081,117783,770,11984,23616185,34650522,90,3
2015-03-01,12390,23721,263242,119494,742,11703,22666975,34584827,90,3
2015-03-08,10561,22407,260083,121660,708,9915,20973192,32956318,90,3
2015-03-15,11304,23424,258340,125613,735,10642,19551239,32345579,90,3
2015-03-22,10725,26468,256538,129071,621,10209,17068291,31462730,90,3
2015-03-29,10035,26654,255784,132405,618,9520,15551608,29985243,90,3
2015-04-05,11157,28100,257597,133229,613,10642,14688791,27759038,90,3
2015-04-12,11927,32468,260175,138100,612,11404,14734218,26853476,90,2
2015-04-19,12154,35848,263588,141657,637,11598,14397174,26593974,90,2
2015-04-26,12622,34597,268144,143076,664,12011,13798014,25718614,90,4
2015-05-03,14647,37388,274811,148495,800,13905,13643951,25785289,90,6
2015-05-10,14089,37598,281018,152198,827,13321,13514328,24431358,90,7
2015-05-17,14977,33571,288085,150420,881,14159,13130100,25755807,90,7
2015-05-24,15079,28187,295291,146894,854,14291,13352651,26841094,90,8
2015-05-31,18147,26455,304154,143158,706,17501,14047243,26716558,90,8
2015-06-07,17392,22644,312281,134150,590,16866,13932255,26693299,90,9
2015-06-14,17747,18784,320378,126553,498,17308,13634538,28846796,90,10
2015-06-21,15175,19234,328657,119848,355,14876,13676383,27673324,90,12
2015-06-28,13969,19836,336951,114402,,13718,13176700,26081288,90,13
2015-07-05,11421,19956,343742,113132,,11174,13142632,25733964,90,14
2015-07-12,13369,19439,351659,114122,303,13154,13367728,25412399,90,13
2015-07-19,14305,20322,360585,118574,301,14036,13222767,26820006,90,13
2015-07-26,17765,19939,370337,119611,350,17345,12805506,28826021,90,13
2015-08-02,18947,21043,380420,124823,473,18428,12786666,29630267,90,12
2015-08-09,20751,21284,391066,130684,628,20140,12677779,30649246,90,10
2015-08-16,19589,22382,400774,137712,708,18893,12083582,33056404,90,10
2015-08-23,21384,21485,411370,144737,869,20531,12460953,34734956,90,11
2015-08-30,20819,22501,421754,157103,935,19903,12626681,36491216,88,11
2015-09-06,21146,21621,432233,167314,995,20175,12562520,39388706,84,13
2015-09-13,19866,21494,442272,177584,1096,18807,12516013,42374573,83,16
2015-09-20,19681,27162,452159,187773,1168,18546,13148627,42803570,83,15
2015-09-27,20568,27363,462419,198116,1448,19179,12967077,44716171,77,18
2015-10-04,19507,25757,471463,208060,1496,18069,13449677,44047165,75,18
2015-10-11,21408,26733,479971,217860,1636,19829,13205378,43636314,73,17
2015-10-18,21505,27318,489407,226473,1614,19938,13077794,42479420,69,16
2015-10-25,21456,22177,489801,231496,1660,19844,12489082,41941776,63,15
2015-11-01,25842,23349,484130,233096,1448,24430,12015964,41352928,63,12
2015-11-08,26977,24387,474415,233952,1336,25679,12765109,43149355,61,11
2015-11-15,26129,23739,462667,235344,1162,25005,16226148,44633889,61,9
2015-11-22,25077,24079,447236,238316,1065,24050,18187695,46204200,60,9
2015-11-29,23689,23493,437546,244043,969,22755,21957349,45716680,60,10
2015-12-06,15995,23088,428744,251982,826,15181,25461037,42913722,60,9
2015-12-13,14375,24131,419928,261123,887,13499,27455177,39275299,60,8
2015-12-20,12423,24366,408339,268086,929,11504,25352657,34936655,60,8
2015-12-27,11603,23849,394490,272109,989,10624,25346355,30660172,60,8
2016-01-03,11033,23344,378523,275353,917,10126,23916205,30332171,60,8
2016-01-10,9763,23984,361197,278992,847,8927,22133020,30219530,60,9
2016-01-17,9139,23572,344049,280372,780,8368,21166111,30011094,60,9
2016-01-24,8181,24271,327449,282738,708,7479,23448092,27424883,60,10
2016-01-31,11573,25512,313416,287511,700,10881,26375509,29496289,53,10
2016-02-07,13326,26927,301113,293747,740,12597,29370376,29793291,49,11
2016-02-14,15503,52924,291040,314335,760,14755,32216022,30632252,44,12
2016-02-21,20493,53036,285496,330634,772,19737,35073659,35352142,40,14
2016-02-28,24090,51586,283609,352764,760,23350,40760383,44353813,38,16
2016-03-06,19592,53732,282791,374523,601,19004,46195512,45969212,45,18
2016-03-13,21478,52142,285654,379284,631,20860,50079599,45662832,50,19
2016-03-20,21718,25597,290704,366746,730,21001,53390320,44837256,55,20
2016-03-27,18077,39493,295510,360368,659,17428,57101380,40290733,60,21
2016-04-03,16127,43987,299790,365149,638,15495,56489352,34191808,64,21
2016-04-10,18757,42663,305265,368125,723,18041,58242260,30868003,64,23
2016-04-17,20231,46854,311994,389505,733,19507,57911894,31508744,63,25
2016-04-24,22342,50108,319611,416659,669,21684,58880640,31904121,64,25
2016-05-01,27727,36285,329762,443104,687,27053,55335610,34662968,64,26
2016-05-08,34876,34966,345133,456196,712,34178,54558633,37228923,62,28
2016-05-15,45064,35795,366125,472590,749,44332,51015108,42028563,62,28
2016-05-22,46854,37327,388046,489293,743,46136,51930561,44676352,62,30
2016-05-29,48641,35810,411494,503939,742,47921,51765395,48482983,62,31
2016-06-05,45449,36117,434233,519927,781,44689,55275017,49720760,61,30
2016-06-12,43613,36854,455376,533108,820,42814,56336915,51837259,60,28
2016-06-19,39247,37913,473343,547716,868,38401,56666507,50833399,60,26
2016-06-26,37591,35679,489823,559444,833,36771,54416373,51454868,60,24
2016-07-03,37581,34745,505194,568437,756,36837,56446588,50672958,60,23
2016-07-10,37892,33963,515305,575298,685,37218,57649724,47939229,60,23
2016-07-17,33225,33515,518777,582048,564,32671,58944440,45149133,60,23
2016-07-24,28200,34081,519661,583191,427,27780,59845219,42278706,60,23
2016-07-31,24698,34656,516103,585143,402,24305,60953154,37654604,60,25
2016-08-07,20390,36341,507716,590540,447,19950,56833125,32930830,60,26
2016-08-14,18156,36200,501123,594617,508,17656,52498462,30797962,60,25
2016-08-21,19148,30353,496874,599377,645,18513,48840106,28656651,60,24
2016-08-28,20361,27658,492999,605219,733,19638,44828585,28537727,60,23
2016-09-04,23103,23578,492353,607101,745,22366,42670642,30647675,60,22
2016-09-11,25678,22215,494407,604934,834,24854,40993759,34967372,60,22
2016-09-18,27491,23800,498310,603946,888,26615,38699777,39834979,60,22
2016-09-25,26354,28310,502616,600687,869,25497,35600393,43124108,60,23
2016-10-02,24042,29327,504838,597870,873,23179,33095983,43833138,60,22
2016-10-09,21331,34681,506366,596016,942,20399,28980763,42525288,60,22
2016-10-16,18179,37833,507613,597069,864,17323,26649684,39947973,60,22
2016-10-23,15866,46545,506761,569542,755,15117,25462458,37140958,60,21
2016-10-30,16326,49156,506103,539607,706,15625,24998285,34854559,60,20
2016-11-06,26862,48316,513336,513830,637,26230,24122034,40149877,60,20
2016-11-13,28644,44314,520302,492289,483,28167,23892299,48006868,60,20
2016-11-20,27503,40659,525763,473276,416,27094,24580696,51594567,60,19
2016-11-27,26065,30746,529780,485445,363,25710,24339538,53901362,60,19
2016-12-04,23938,32364,533005,509155,263,23682,22974580,55599751,60,18
2016-12-11,11514,32588,528228,531862,218,11302,22190084,50300997,60,17
2016-12-18,8162,31707,523087,553187,246,7920,22045417,41280046,60,17
2016-12-25,8511,29875,519510,572255,234,8282,19721367,36087546,60,18
2017-01-01,9314,28151,517527,584686,250,9067,18844018,32508659,60,20
2017-01-08,10193,22563,514484,586977,271,9926,18629669,29942793,60,21
2017-01-15,15163,20836,515762,584003,274,14892,17974461,28627338,60,24
2017-01-22,16519,21324,518659,578701,277,16245,17029350,28486140,60,26
2017-01-29,18969,22405,523685,568964,309,18664,17315007,29941314,60,26
2017-02-05,19279,23733,529503,560204,357,18926,16725088,31152575,60,26
2017-02-12,18717,23605,537770,548439,363,18358,16348139,32029090,60,27
2017-02-19,17703,23353,545016,535436,379,17328,16441016,33890349,60,25
2017-02-26,20982,23222,554316,521344,348,20638,16317231,38358059,60,22
2017-03-05,19618,23704,561942,508067,376,19245,16287460,42061011,60,21
2017-03-12,20129,22043,569265,493985,349,19783,16426743,43876545,60,19
2017-03-19,20721,21511,572377,484530,371,20354,16146394,45434310,60,15
2017-03-26,17244,20159,570798,478174,366,16882,16560130,45193562,60,13
2017-04-02,12446,19151,563571,473696,372,12078,16671468,41883260,60,12
2017-04-09,10974,17578,554631,470619,294,10684,16262683,37295289,60,12
2017-04-16,9655,17942,544843,471797,283,9375,16687176,34295926,60,13
2017-04-23,10827,18004,539796,473475,307,10526,17401761,32360851,60,14
2017-04-30,12798,18043,538132,475939,313,12493,19378995,31541678,60,15
2017-05-07,13775,18421,538321,480084,324,13459,22292431,30766046,60,15
2017-05-14,13910,18969,538490,485118,326,13593,24391029,30611460,60,15
2017-05-21,14408,18889,539064,490408,334,14084,25847583,30388354,60,14
2017-05-28,12578,17995,538104,495136,307,12279,27135418,30196166,60,13
2017-06-04,11340,17514,535645,499245,345,11001,27272287,33116819,60,13
2017-06-11,11120,17352,533756,502727,382,10744,25216515,34824184,60,13
2017-06-18,11547,17358,533185,506733,430,11122,23451163,35373803,60,13
2017-06-25,12014,16597,531734,510465,436,11582,21752306,35278658,60,15
2017-07-02,12581,16634,530440,514982,414,12171,20572168,35884093,60,17
2017-07-09,12503,16851,529011,519798,358,12148,18620335,32739882,60,18
2017-07-16,12277,16403,527440,524175,331,11948,17974884,31334620,60,19
2017-07-23,11530,15498,525384,527969,337,11196,18694947,31810898,60,20
2017-07-30,10048,15328,523932,531218,342,9709,18452953,32254466,60,19
2017-08-06,8479,17005,521024,535711,337,8144,16829862,30902528,60,19
2017-08-13,6707,19114,516912,542232,326,6384,15855420,29131372,60,19
2017-08-20,6047,21394,512114,551249,365,5686,15637921,27556940,60,20
2017-08-27,5815,23273,506186,561998,333,5485,14599117,24303117,60,21
2017-09-03,6312,24756,500245,573433,335,5981,15659574,22258591,60,21
2017-09-10,6645,25075,495274,582815,369,6279,18307569,21658261,60,22
2017-09-17,7903,24841,491585,590912,421,7486,19001702,22268299,60,22
2017-09-24,8240,24452,489043,597681,405,7838,18999466,24713648,60,22
2017-10-01,8575,24586,488486,603246,415,8163,19757719,26246964,60,22
2017-10-08,8600,25047,489196,608740,418,8185,19526273,28551008,60,26
2017-10-15,23679,25635,492632,617453,442,23241,18474469,32793884,48,23
2017-10-22,23193,32952,495836,631388,419,22779,19967719,35725540,48,26
2017-10-29,22998,35370,498703,646912,397,22606,20444228,36447347,48,28
2017-11-05,23047,43141,501431,663878,394,22658,19892200,47933602,48,32
2017-11-12,23456,49696,504619,693251,384,23077,18549335,58288942,48,33
2017-11-19,8695,50905,506096,713735,452,8248,17562598,57419111,60,39
2017-11-26,8224,44619,507463,726209,441,7788,15642175,57292646,60,40
2017-12-03,7905,42906,508939,730823,418,7491,15062590,60183293,60,39
2017-12-10,7230,35967,508723,728634,398,6836,14854213,52247515,60,35
2017-12-17,6504,29783,507420,711925,391,6117,14719008,41426556,60,34
2017-12-24,6524,27891,506170,700598,283,6244,14721299,41069250,60,36
2017-12-31,6861,27323,504322,691671,287,6577,14490787,40406047,60,32
2018-01-07,7405,27858,500066,689185,313,7095,14369917,37773925,60,28
2018-01-14,7594,27475,494628,692502,315,7282,13973780,35784791,60,27
2018-01-21,8272,28104,487668,698737,343,7932,14662058,37553220,60,23
2018-01-28,8338,29195,478538,705861,363,7979,14319557,39180570,60,16
2018-02-04,8654,30558,468640,713331,384,8274,14228172,38914978,60,14
2018-02-11,7967,30429,459208,721319,371,7599,14907492,37135209,60,13
2018-02-18,7625,30990,449863,725922,366,7261,14694012,37471727,60,15
2018-02-25,6650,30451,439971,730049,308,6344,13739949,35768271,60,15
2018-03-04,6406,30749,430100,733866,273,6135,13574589,32221128,60,16
2018-03-11,5863,27757,420008,734142,251,5613,13854287,30265479,60,16
2018-03-18,6226,27750,410465,730359,247,5981,13575657,29803082,60,16
2018-03-25,6032,27015,401216,730332,244,5790,13874379,30872265,60,16
2018-04-01,6372,30082,392490,733295,252,6122,15181236,32800683,60,15
2018-04-08,6405,29395,384150,737111,257,6150,15223870,33526427,60,15
2018-04-15,6171,30762,375974,744633,230,5943,14357614,32945280,60,14
2018-04-22,5917,30581,367450,755650,225,5693,15990065,30451618,60,14
2018-04-29,6234,31752,359253,766164,213,6022,16903936,25188466,60,16
2018-05-06,6663,29455,351248,768567,211,6454,15594103,20077262,60,18
2018-05-13,7116,29195,343359,771319,230,6888,15333454,16212651,60,20
2018-05-20,7385,30590,335361,775342,259,7128,15157691,14945386,60,21
2018-05-27,7100,31479,327026,780472,276,6827,12357078,14511905,60,20
2018-06-03,6860,31574,318392,786038,297,6566,10661218,13713862,60,19
2018-06-10,6161,31566,309875,796976,329,5834,9976884,12640766,60,17
2018-06-17,5581,31399,301260,806949,334,5252,9597494,12463676,60,15
2018-06-24,5642,30944,292774,815268,334,5314,9382120,12375221,60,14
2018-07-01,5961,30141,284375,821549,353,5613,8414279,12411793,60,14
2018-07-08,6337,33438,276221,831665,396,5947,8054846,13407343,60,13
2018-07-15,6777,37305,267963,841865,418,6363,7826785,15288182,60,13
2018-07-22,6517,38832,259239,853083,392,6128,7541783,16170079,60,12
2018-07-29,6078,37960,250017,864333,378,5702,6868427,15570032,60,12
2018-08-05,5730,37226,240544,875595,337,5395,6958681,15029174,60,12
2018-08-12,5243,32390,230683,881195,275,4970,6888350,14861206,60,12
2018-08-19,4901,27996,220571,885718,211,4692,6779998,14035159,66,12
2018-08-26,5309,27099,210850,888579,205,5105,8097325,13514374,69,13
2018-09-02,5795,28047,201481,892642,201,5597,8208251,13954486,71,13
2018-09-09,5650,28649,191888,898238,179,5473,7924980,13597662,74,13
2018-09-16,5453,29086,182114,904374,163,5292,7525883,12147001,76,13
2018-09-23,5041,29230,171790,911673,153,4890,7229923,11306559,73,14
2018-09-30,4599,29490,161236,920557,138,4462,5389371,8869391,72,15
2018-10-07,3848,28894,150308,928947,106,3743,5172196,7432700,70,15
2018-10-14,3477,38350,139586,945868,96,3383,5142520,6872875,65,15
2018-10-21,3548,38693,129619,962231,89,3460,5213594,6354972,62,14
2018-10-28,3427,39088,120384,996827,84,3345,13116151,4607754,58,12
2018-11-04,2913,38825,111354,1049492,76,2838,13087105,5517764,54,11
2018-11-11,2810,38363,103503,1079420,89,2722,20701080,4975680,53,11
2018-11-18,2936,28295,96446,1102436,101,2835,20915355,4558241,52,12
2018-11-25,3107,28694,89965,1131397,116,2991,20690944,4501715,50,13
2018-12-02,3230,27662,84410,1144616,142,3088,12729841,5491714,47,15
2018-12-09,3333,27265,79872,1142361,140,3194,12781761,5664972,44,17
2018-12-16,3342,28185,75885,1165221,137,3205,5389346,5703452,41,18
2018-12-23,3359,26977,72644,1184083,126,3234,5056524,5319397,37,19
2018-12-30,3037,24648,,1199122,127,2911,5129081,5047302,35,20
2019-01-06,3787,26596,68241,1214593,133,3654,5146456,4449411,35,25
2019-01-13,3968,28582,,,197,3772,5525791,4322110,34,26
2019-01-20,4573,28407,64158,1233785,246,4329,8109344,10487660,33,28
2019-01-27,4783,30709,60309,1252561,288,4497,9002696,13422983,33,30
2019-02-03,4869,33850,56638,1275831,299,4572,9453599,14806699,33,31
2019-02-10,4262,33243,53353,1301106,297,3967,9597268,16516049,31,28
2019-02-17,4052,32488,52047,1325776,254,3800,9548509,17097695,31,28
2019-02-24,3439,32454,51000,1346132,214,3227,7030929,10826823,31,30
2019-03-03,3164,26916,,,187,2979,6392105,8673502,30,28
2019-03-10,2848,27046,,,173,2677,6152200,7801278,30,28
2019-03-17,2455,28633,,,,,6341725,6628651,30,30
2019-03-24,2291,28737,,,,,6568580,6205450,26,28
2019-03-31,2072,27488,,,,,6967720,5847517,25,28
2019-04-07,2000,33567,,,,,6784267,5590446,24,28
2019-04-14,2040,33012,,,,,6567585,5980633,24,26
2019-04-21,2000,31402,,,,,5984961,5770562,31,27
2019-04-28,1950,30214,,,,,5464767,5240934,34,26
2019-05-05,1950,31779,,,,,4493573,5774423,34,28
2019-05-12,1950,32482,,,,,4317170,5668722,34,27
2019-05-19,2010,35124,,,,,4026228,5294103,32,28
2019-05-26,2070,35163,,,,,4005191,5549459,26,27
2019-06-02,2080,34837,,,,,3729004,5287214,26,27
2019-06-09,2060,35372,,,,,3533145,4605329,27,26
2019-06-16,2030,34028,,,,,3305670,4024433,27,28
2019-06-23,1960,31170,,,,,3284713,3135313,27,28
2019-06-30,1930,30578,,,,,3222532,2287321,26,31
2019-07-07,1930,32129,,,,,2999925,2114877,26,33
2019-07-14,1970,31313,,,,,2891800,1947104,25,34
2019-07-21,1950,31165,46911,1396366,,,2763704,1722933,25,35
2019-07-28,1972,30819,42925,1442096,,,2604411,1717655,26,36
2019-08-04,1956,31036,39046,1482980,142,2290,2340791,1890990,26,37
2019-08-11,1918,29847,35199,1520605,110,2079,2268561,2009021,27,38
2019-08-18,1880,29826,31452,1554690,94,1859,2257336,2112880,26,39
2019-08-25,1843,30089,31016,1555454,79,1716,2208227,2217974,26,38
2019-09-01,1688,30344,30613,1556411,61,1630,2122417,2371220,25,36
2019-09-08,1417,30517,29879,1557946,52,1366,2548631,2221130,24,34
2019-09-15,1214,31200,29057,1559343,46,1169,2766651,2686553,23,33
2019-09-22,956,31497,28080,1561153,31,925,2929327,3086090,22,32
2019-09-29,1121,32470,27340,1564760,25,1096,3176733,3233185,23,32
2019-10-06,1406,33942,26942,1571270,26,1381,3410243,3368879,23,31
2019-10-13,1712,35002,27104,1580820,33,1680,3040992,4265236,23,32
2019-10-20,2391,35701,27906,1592706,42,2351,2907328,5461880,24,34
2019-10-27,2806,36548,28846,1607029,47,2762,2706089,9445841,25,35
2019-11-03,2918,37071,29814,1622452,51,2871,2845969,10923956,24,36
2019-11-10,2896,37122,30557,1637637,52,2849,3839983,11598038,24,38
2019-11-17,2891,37338,31060,1652059,42,2852,3895688,11443084,24,37
2019-11-24,2382,37544,30985,1666441,32,2352,3885177,10234021,24,33
2019-12-01,2145,38532,30680,1678930,27,2119,4061911,6388698,23,31
2019-12-08,1743,38508,29863,1687968,22,1721,3716556,6608125,23,27
2019-12-15,1367,37180,28664,1692314,21,1347,2497383,8738730,22,22
2019-12-22,1095,30456,27260,1692648,18,1078,2416115,8514381,21,19
2019-12-29,889,32046,25819,1694000,17,872,2562970,8022780,21,18
2020-01-05,710,31919,24564,1692000,18,692,2635929,7517007,20,17
2020-01-12,659,30467,23562,1688000,20,639,2761318,7007058,20,18
2020-01-19,637,31355,22799,1688000,17,620,2864194,6236765,20,20
2020-01-26,617,39024,22280,1692000,17,600,2822512,7924261,21,22
2020-02-02,623,41372,21930,1690648,17,606,2607716,10152236,22,23
2020-02-09,606,45379,21685,1691528,15,591,2489467,10969601,22,24
2020-02-16,585,52044,21474,1694628,15,570,2492508,10373072,23,25
2020-02-23,601,58021,21345,1695948,17,585,2452145,8626193,22,26
2020-03-01,653,53731,21274,1695488,25,629,2398925,6853418,21,27
2020-03-08,751,47798,21236,1696840,29,724,2410735,5165212,20,28
2020-03-15,874,45379,21224,1697960,33,843,2584986,4445461,19,28
2020-03-22,879,40329,21243,1798244,30,852,2644385,3883007,18,28
2020-03-29,,35519,21237,,,,2668160,3751085,18,27
2020-04-05,,40734,21186,,,,2822979,3578803,18,23
2020-04-12,,49143,21126,1834138,,,3050110,3133504,18,20
2020-04-19,1052,55008,21028,1872989,28,1027,3117070,2927628,20,24
2020-04-26,992,59525,,,18,975,3124024,2752057,20,23
2020-05-03,871,59557,,,15,858,3243062,2804969,20,23
2020-05-10,739,58538,,,12,728,3339063,2643038,34,22
2020-05-17,810,52489,20795,1915195,13,797,3393803,2461770,49,21
2020-05-24,595,44751,20617,1957345,12,584,3490485,2440702,48,19
2020-05-31,590,40258,,1897962,,,3406775,2335328,50,20
2020-06-07,584,41374,,1904748,,,3347142,2219173,50,19
2020-06-14,643,42489,,1908565,,,3344815,2540134,36,21
2020-06-21,630,44625,,1886380,,,3131575,2733661,22,24
2020-06-28,776,46544,,1884214,,,2877805,3176781,21,20
2020-07-05,900,48102,,1886435,,,2951803,3364011,19,21
2020-07-12,997,47387,,1884439,,,3327864,3267176,20,23
2020-07-19,1041,46907,,1876411,,,3362268,3995290,22,23
2020-07-26,963,45286,,1894154,,,3642371,3850296,26,24
2020-08-02,779,44762,,1892664,,,3683957,3775473,27,23
2020-08-09,601,44261,,1890443,,,3627333,4230275,27,24
2020-08-16,427,44227,21281,1885722,,558,3524198,4819553,32,24
2020-08-23,408,43538,21983,1892980,,629,3452996,4681532,30,23
2020-08-30,494,44866,22742,1902289,13,738,3336914,4817419,26,20
2020-09-06,621,44112,23632,1916168,15,692,3291568,4697905,27,20
2020-09-13,773,42884,24553,1932857,22,800,3412857,4805527,27,21
2020-09-20,933,44227,24667,1959526,21,907,3240305,4749533,21,24
2020-09-27,975,45756,24935,1986615,22,953,3472943,4266256,20,26
2020-10-04,1071,45371,24518,2010143,21,1050,3535551,4255146,19,35
2020-10-11,1360,45692,24348,2031394,18,1343,3476686,5924736,25,35
2020-10-18,1609,46972,24366,2043644,10,1600,3346126,5993503,24,31
2020-10-25,1865,46016,24579,2045402,16,1850,3317689,6903498,24,28
2020-11-01,1954,46129,24676,2035730,26,1930,3079178,7479382,25,26
2020-11-08,1937,,25408,2023236,32,1908,3058041,8755266,25,19
2020-11-15,1608,,25734,2013608,35,1577,3100989,7797518,16,18
2020-11-22,1479,,25898,2014339,39,1443,,7576980,15,19
2020-11-29,1326,,25985,2025407,34,1294,,7478488,16,18
2020-12-06,1358,,26165,2046249,65,1296,,6991536,16,16
2020-12-13,1354,,26409,2072446,129,1227,,5853025,22,15
2020-12-20,1405,,26807,2094000,205,1201,,5181919,31,15
2020-12-27,1368,,27243,2112898,358,1011,,4771744,46,17
2021-01-03,1382,,27713,2125112,528,854,,3905871,61,19
2021-01-10,1388,,28206,2135800,663,726,,3670201,75,21
2021-01-17,1413,,28803,2145013,741,673,,4189776,84,21
2021-01-24,1331,,29323,2156156,663,669,,4486865,76,22
2021-01-31,1134,,29690,2168066,503,631,,4582367,61,22
2021-02-07,907,,29828,2184767,337,570,,3936190,46,21
2021-02-14,751,,29625,2200755,170,582,,3496790,,
2021-02-21,674,,29358,2218202,23,652,,2529897,,
2021-02-28,908,,29393,2237424,22,886,,1734059,,
2021-03-07,1083,,29616,2257130,22,1062,,1635664,,
2021-03-14,1288,,30075,2276440,25,1264,,,,
2021-03-21,1510,,30954,2295786,18,1492,,,,
2021-03-28,1523,,31818,2312246,20,1503,,,,
2021-04-04,1386,,32501,2324346,20,1366,,,,
2021-04-11,1295,,33037,2331089,,1275,,,,
2021-04-18,1210,,33452,2333973,,1200,,,,
2021-04-25,963,,33640,2338737,,955,,,,
2021-05-02,890,,33787,2344543,,885,,,,
2021-05-09,1136,,34185,2336454,,1133,,,,
2021-05-16,,,,,,,,,,
